[{"fields":[{"dateFormatType":"timestamp-ms","description":"CMS 系统字段，请勿随意修改。通过 CMS 系统录入的数据会默认添加该字段","displayName":"创建时间","id":"_createTime","isSystem":true,"name":"_createTime","type":"DateTime"},{"dateFormatType":"timestamp-ms","description":"CMS 系统字段，请勿随意修改。通过 CMS 系统录入的数据会默认添加该字段","displayName":"修改时间","id":"_updateTime","isSystem":true,"name":"_updateTime","type":"DateTime"},{"displayName":"轮播图","id":"u4otwamzhsz3trgnvosupuef854x6ajb","isRequired":true,"name":"photo","order":2,"resourceLinkType":"fileId","type":"Image"},{"copyable":true,"description":"CMS 系统字段，请勿随意修改","displayName":"文档 ID","id":"_id","isHidden":true,"isSystem":true,"name":"_id","type":"String"}],"collectionName":"banner","displayName":"轮播图","_id":"859059a5619f77ff0817ab026ed44ad7"},{"fields":[{"dateFormatType":"timestamp-ms","description":"CMS 系统字段，请勿随意修改。通过 CMS 系统录入的数据会默认添加该字段","displayName":"创建时间","id":"_createTime","isSystem":true,"name":"_createTime","type":"DateTime"},{"dateFormatType":"timestamp-ms","description":"CMS 系统字段，请勿随意修改。通过 CMS 系统录入的数据会默认添加该字段","displayName":"修改时间","id":"_updateTime","isSystem":true,"name":"_updateTime","type":"DateTime"},{"displayName":"通知","id":"6n1mjf7ys7du2u848538rc8zhjc5uobs","name":"text","order":2,"type":"String"},{"copyable":true,"description":"CMS 系统字段，请勿随意修改","displayName":"文档 ID","id":"_id","isHidden":true,"isSystem":true,"name":"_id","type":"String"}],"collectionName":"tzgg","displayName":"通知公告","_id":"859059a5619f80c0081958231fc319cb"},{"fields":[{"dateFormatType":"timestamp-ms","description":"CMS 系统字段，请勿随意修改。通过 CMS 系统录入的数据会默认添加该字段","displayName":"创建时间","id":"_createTime","isSystem":true,"name":"_createTime","type":"DateTime"},{"dateFormatType":"timestamp-ms","description":"CMS 系统字段，请勿随意修改。通过 CMS 系统录入的数据会默认添加该字段","displayName":"修改时间","id":"_updateTime","isSystem":true,"name":"_updateTime","type":"DateTime"},{"displayName":"附件照片","id":"uyfgjma9kvfep2v3evxnx36uczvcjoji","isMultiple":false,"name":"src","order":2,"resourceLinkType":"fileId","type":"Image"},{"copyable":true,"description":"CMS 系统字段，请勿随意修改","displayName":"文档 ID","id":"_id","isHidden":true,"isSystem":true,"name":"_id","type":"String"},{"displayName":"名称","id":"60ep2ut7l8t8xnr1tyeuqx6t1o7xt79r","isRequired":true,"name":"name","order":4,"type":"String"},{"displayName":"地址","id":"sxi98thsvjc78682cwganhl3ytci5ddn","isRequired":true,"name":"zd","order":5,"type":"String"},{"displayName":"btn1","id":"csjqznmj384hilaf46t9vbuvgzk1enfo","name":"btn1","order":6,"type":"String"},{"displayName":"btn2","id":"ihlj1ya5znbeanbme4etupldvubz1jb0","name":"btn2","order":7,"type":"String"},{"displayName":"btn3","id":"fzszy1ssdas57zzau8bjlxwib4svsgvd","name":"btn3","order":8,"type":"String"},{"displayName":"btn4","id":"pocawcr3r28oddvqlfbmmiuasv0keaoz","name":"btn4","order":9,"type":"String"},{"displayName":"简介","id":"vad0cuwwcyna6niql326oi9vnz1sgms0","name":"jj","order":10,"type":"String"}],"collectionName":"mslb","displayName":"美食列表","_id":"9e7190f1619f85c7080314bc48b024a0"},{"fields":[{"dateFormatType":"timestamp-ms","description":"CMS 系统字段，请勿随意修改。通过 CMS 系统录入的数据会默认添加该字段","displayName":"创建时间","id":"_createTime","isSystem":true,"name":"_createTime","type":"DateTime"},{"dateFormatType":"timestamp-ms","description":"CMS 系统字段，请勿随意修改。通过 CMS 系统录入的数据会默认添加该字段","displayName":"修改时间","id":"_updateTime","isSystem":true,"name":"_updateTime","type":"DateTime"},{"displayName":"电话","id":"c6kg1jcidifb7t3xlq0rg885t3w0s3b8","isRequired":true,"name":"tel","order":2,"type":"Tel"},{"copyable":true,"description":"CMS 系统字段，请勿随意修改","displayName":"文档 ID","id":"_id","isHidden":true,"isSystem":true,"name":"_id","type":"String"},{"defaultValue":10,"displayName":"诚信度","id":"zragq78jqrlzb2mx7nkp7jetr6hm9noy","isRequired":false,"name":"cxd","order":4,"type":"Number"},{"displayName":"地址","id":"mgnx5aqejo5n6z9slevdc9n9jiwfcsmh","name":"dz","order":5,"type":"String"},{"displayName":"学院","id":"fz502a4xuu85nnbt5vxeap7o2cti4vw7","name":"xy","order":6,"type":"String"},{"displayName":"姓名","id":"c4sp17r4biry7pwvixvmre8l7fw7zm53","name":"name","order":7,"type":"String"},{"displayName":"openid","id":"ye1t79hel57fnpct2xzmq7i7cr8pr36a","name":"userid","order":8,"type":"String"},{"defaultValue":false,"displayName":"管理员","id":"csqtd415fhpy63l0p96c4nybvisd0xy9","name":"gly","order":9,"type":"Boolean"}],"collectionName":"people","displayName":"用户信息","_id":"908462d561a2e6c4006bbef03304cbdb"},{"fields":[{"dateFormatType":"timestamp-ms","description":"CMS 系统字段，请勿随意修改。通过 CMS 系统录入的数据会默认添加该字段","displayName":"创建时间","id":"_createTime","isSystem":true,"name":"_createTime","type":"DateTime"},{"dateFormatType":"timestamp-ms","description":"CMS 系统字段，请勿随意修改。通过 CMS 系统录入的数据会默认添加该字段","displayName":"修改时间","id":"_updateTime","isSystem":true,"name":"_updateTime","type":"DateTime"},{"displayName":"gywm","id":"bqe33b5qo2agmjwbg7sry4ual2btpvaj","isRequired":false,"name":"gywm","order":2,"type":"RichText"},{"copyable":true,"description":"CMS 系统字段，请勿随意修改","displayName":"文档 ID","id":"_id","isHidden":true,"isSystem":true,"name":"_id","type":"String"}],"collectionName":"gywm","displayName":"关于我们","_id":"fa4fe87261a2efbe007b57e53a7d37bf"},{"fields":[{"dateFormatType":"timestamp-ms","description":"CMS 系统字段，请勿随意修改。通过 CMS 系统录入的数据会默认添加该字段","displayName":"创建时间","id":"_createTime","isSystem":true,"name":"_createTime","type":"DateTime"},{"dateFormatType":"timestamp-ms","description":"CMS 系统字段，请勿随意修改。通过 CMS 系统录入的数据会默认添加该字段","displayName":"修改时间","id":"_updateTime","isSystem":true,"name":"_updateTime","type":"DateTime"},{"displayName":"url","id":"tei76i1trtpvzjhsjolcp4wvpj3m3czj","name":"url","order":2,"type":"Url"},{"copyable":true,"description":"CMS 系统字段，请勿随意修改","displayName":"文档 ID","id":"_id","isHidden":true,"isSystem":true,"name":"_id","type":"String"},{"displayName":"标题","id":"nw8xseemeqspfm0swtij9v2ljfs2mjsr","name":"name","order":4,"type":"String"},{"displayName":"文字","id":"j308sg75w48e5nk5tn5frqffn33wagmg","name":"text","order":5,"type":"String"}],"collectionName":"bzzx","displayName":"帮助中心","_id":"fa4fe87261a2f25b007bea8c038c8cd6"},{"fields":[{"dateFormatType":"timestamp-ms","description":"CMS 系统字段，请勿随意修改。通过 CMS 系统录入的数据会默认添加该字段","displayName":"创建时间","id":"_createTime","isSystem":true,"name":"_createTime","type":"DateTime"},{"dateFormatType":"timestamp-ms","description":"CMS 系统字段，请勿随意修改。通过 CMS 系统录入的数据会默认添加该字段","displayName":"修改时间","id":"_updateTime","isSystem":true,"name":"_updateTime","type":"DateTime"},{"displayName":"照片","id":"emds8v8vqaj1edxqrpxuuqc4nkwxvfyn","isMultiple":false,"name":"phpto","order":2,"resourceLinkType":"fileId","type":"Image"},{"copyable":true,"description":"CMS 系统字段，请勿随意修改","displayName":"文档 ID","id":"_id","isHidden":true,"isSystem":true,"name":"_id","type":"String"},{"displayName":"标题","id":"irounokgv706xguy3xjp9mq3lj32on73","name":"title","order":4,"type":"String"},{"dateFormatType":"string","displayName":"时间","id":"8cylipfjg3a8jbmzpcxera75u2br388d","name":"time","order":5,"type":"DateTime"},{"displayName":"作者","id":"pn46uq926zf9su9h7oqwkir575hkwgno","name":"user","order":6,"type":"String"},{"displayName":"浏览量","id":"efi8xhcuo9navxk2gf2kybxin9ccwxo5","name":"lll","order":7,"type":"Number"},{"displayName":"简介","id":"wz6z3q8kdre9id2szcow0anol4unuwnc","name":"xq","order":8,"type":"RichText"},{"displayName":"userid","id":"i3v6xp2q6bigl8d4jsm4445rprsnz6k1","name":"userid","order":9,"type":"String"}],"collectionName":"glpj","displayName":"攻略","_id":"5026485b61a3104c006855620f4a2caf"},{"fields":[{"dateFormatType":"timestamp-ms","description":"CMS 系统字段，请勿随意修改。通过 CMS 系统录入的数据会默认添加该字段","displayName":"创建时间","id":"_createTime","isSystem":true,"name":"_createTime","type":"DateTime"},{"dateFormatType":"timestamp-ms","description":"CMS 系统字段，请勿随意修改。通过 CMS 系统录入的数据会默认添加该字段","displayName":"修改时间","id":"_updateTime","isSystem":true,"name":"_updateTime","type":"DateTime"},{"copyable":true,"description":"CMS 系统字段，请勿随意修改","displayName":"文档 ID","id":"_id","isHidden":true,"isSystem":true,"name":"_id","type":"String"},{"displayName":"用户","id":"lkzyt6zd5oae8n19ieye8ppwuwft1002","name":"user","order":4,"type":"String"},{"displayName":"文字","id":"nk9wu9v4xxiavxt9ovaoxprtkbcrzx3n","name":"text","order":5,"type":"String"},{"displayName":"用户名字","id":"72vg1g6w5aw9b2ywbml9qk5qjl6i4trl","name":"username","order":6,"type":"String"},{"dateFormatType":"string","displayName":"data","id":"mvowj9796zkngylan1oxmgm3ehzdf3ek","name":"data","order":7,"type":"DateTime"},{"displayName":"plwz","id":"lh3iqenthi1dubbtb213hzizf0gi0vpe","name":"plwz","order":7,"type":"String"}],"collectionName":"glplgl","displayName":"攻略评论","_id":"908462d561a3377200795707192d34a3"},{"fields":[{"dateFormatType":"timestamp-ms","description":"CMS 系统字段，请勿随意修改。通过 CMS 系统录入的数据会默认添加该字段","displayName":"创建时间","id":"_createTime","isSystem":true,"name":"_createTime","type":"DateTime"},{"dateFormatType":"timestamp-ms","description":"CMS 系统字段，请勿随意修改。通过 CMS 系统录入的数据会默认添加该字段","displayName":"修改时间","id":"_updateTime","isSystem":true,"name":"_updateTime","type":"DateTime"},{"displayName":"店铺名称","id":"90kcfm4pv59xiihgsl3godo7jsyz00zf","name":"name","order":2,"type":"String"},{"copyable":true,"description":"CMS 系统字段，请勿随意修改","displayName":"文档 ID","id":"_id","isHidden":true,"isSystem":true,"name":"_id","type":"String"},{"displayName":"店铺地点","id":"edfut3bbtdu83typz7d5tcp0iba9wy5w","name":"dpdd","order":4,"type":"String"},{"defaultValue":true,"displayName":"是否营业","id":"hv8fo2c85an9sjv4zf2vioz26ah0fjv8","name":"sfyy","order":5,"type":"Boolean"},{"displayName":"店铺照片","id":"nvn70gq3ljezr76h7cfyhew3okhtok8n","name":"dpzp","order":6,"resourceLinkType":"fileId","type":"Image"},{"displayName":"简介","id":"dco9rh7ddbu3pejbd9dxb3asr6gl4q7m","name":"jj","order":7,"type":"String"},{"displayName":"btn1","id":"zkf5clv5kibt7n4a2zidktytpbunkgo8","name":"btn1","order":8,"type":"String"},{"displayName":"btn2","id":"ro1abz86m7st0g9zo0f1g3yo1k2jelgp","name":"btn2","order":9,"type":"String"},{"displayName":"btn3","id":"ff0rzh5xbbrf5i7xq7d02f07odfekb08","name":"btn3","order":10,"type":"String"},{"displayName":"btn4","id":"ib51rg3beeaygucely0yoskh6j50hvut","name":"btn4","order":11,"type":"String"},{"defaultValue":true,"displayName":"是否显示","id":"xwnm9l1xrlxalp8ejs3rz13djzppfgvq","name":"show","order":12,"type":"Boolean"},{"displayName":"位置","enumElementType":"string","enumElements":[{"label":"南湖","value":"1"},{"label":"北湖西","value":"2"},{"label":"北湖东","value":"3"}],"id":"aqgq5325u1cwjptpl2ciwugfqgkpcwrj","name":"wz","order":13,"type":"Enum"}],"collectionName":"dp","displayName":"店铺","_id":"fa4fe87261a5effc011a5ad34e0f6731"},{"fields":[{"dateFormatType":"timestamp-ms","description":"CMS 系统字段，请勿随意修改。通过 CMS 系统录入的数据会默认添加该字段","displayName":"创建时间","id":"_createTime","isSystem":true,"name":"_createTime","type":"DateTime"},{"dateFormatType":"timestamp-ms","description":"CMS 系统字段，请勿随意修改。通过 CMS 系统录入的数据会默认添加该字段","displayName":"修改时间","id":"_updateTime","isSystem":true,"name":"_updateTime","type":"DateTime"},{"displayName":"userid","id":"00cnc2fxskvjb6s4ytjyp09dtte0dqpf","name":"userid","order":2,"type":"String"},{"copyable":true,"description":"CMS 系统字段，请勿随意修改","displayName":"文档 ID","id":"_id","isHidden":true,"isSystem":true,"name":"_id","type":"String"},{"connectField":"_id","connectResource":"3ba7a66861a6094d01015c6529b9f6c3","displayName":"商品","id":"ymkvr42eg9xojcg9o3i1gm0p5m46xzrq","name":"sp","order":4,"type":"Connect"},{"displayName":"时间","id":"yh28la7iy8legtojwrutz8gn4mxy3s3o","name":"time","order":5,"type":"String"},{"defaultValue":false,"displayName":"下单","id":"7e5jnm2iw4ecbwuwap64owhe9olj7sok","name":"xd","order":6,"type":"Boolean"},{"displayName":"是否取餐","id":"6ud2kj227p7gsst3c6176r8fbdgnhp7l","name":"qccg","order":7,"type":"Boolean"},{"displayName":"取餐时间","id":"2sbb5d34529ek2b3t50t7twnirtcmakx","name":"qcsj","order":8,"type":"String"}],"collectionName":"dd","displayName":"订单","_id":"fa4fe87261a6090e011fcbf204d838dc"},{"fields":[{"dateFormatType":"timestamp-ms","description":"CMS 系统字段，请勿随意修改。通过 CMS 系统录入的数据会默认添加该字段","displayName":"创建时间","id":"_createTime","isSystem":true,"name":"_createTime","type":"DateTime"},{"dateFormatType":"timestamp-ms","description":"CMS 系统字段，请勿随意修改。通过 CMS 系统录入的数据会默认添加该字段","displayName":"修改时间","id":"_updateTime","isSystem":true,"name":"_updateTime","type":"DateTime"},{"displayName":"名称","id":"vxkd1zieb4qapytpl2cbjb4iu8jf5lar","name":"name","order":2,"type":"String"},{"copyable":true,"description":"CMS 系统字段，请勿随意修改","displayName":"文档 ID","id":"_id","isHidden":true,"isSystem":true,"name":"_id","type":"String"},{"displayName":"价格","id":"ki3eh34o4ver9cjrpu4sjkuse0o7x3zf","name":"jg","order":4,"type":"Number"},{"defaultValue":0,"displayName":"销量","id":"frd21w4cc4n0qdgt4vwax1fwo5xr8ob6","name":"xl","order":5,"type":"Number"},{"displayName":"配料","id":"s7c2lrvoaitxilo067dhfqxy7gfeafbm","name":"pl","order":6,"type":"String"},{"displayName":"照片","id":"k7b5oay5w5dnhn9v8icitruqj28gbc5c","name":"zp","order":7,"resourceLinkType":"fileId","type":"Image"},{"connectField":"_id","connectResource":"fa4fe87261a5effc011a5ad34e0f6731","displayName":"商家","id":"v07swb2uc0ao7iqfc9xhvanm79byrbvu","name":"sj","order":8,"type":"Connect"}],"collectionName":"sp","displayName":"商品","_id":"3ba7a66861a6094d01015c6529b9f6c3"}]