{
  "usingComponents": {
    "mp-uploader": "weui-miniprogram/uploader/uploader",
    "mp-cells": "weui-miniprogram/cells/cells",
    "mp-cell": "weui-miniprogram/cell/cell",
    "mp-form-page": "weui-miniprogram/form-page/form-page",
    "mp-form": "weui-miniprogram/form/form",
    "mp-toptips": "weui-miniprogram/toptips/toptips",
    "mp-checkbox-group": "weui-miniprogram/checkbox-group/checkbox-group",
    "mp-half-screen-dialog": "weui-miniprogram/half-screen-dialog/half-screen-dialog"
  }
}